Treatment,HR,HR_min,HR_max,P
0.05 um,1.02,0.97,1.08,0.43
0.1 um,1.1,1.04,1.17,0.00049
0.3 um,1.08,1.04,1.13,0.00018
1.1 um,1.07,1.03,1.12,0.00037